{
  "q01": 0.0,
  "q99": 55.869999999999976,
  "t0": 35.0,
  "s": 9.311666666666662
}